{
  "format_version": "1.20.0",
  "minecraft:item": {
    "description": {
      "identifier": "item:animal_fat",
      "category": "items"
    },
    "components": {
      "minecraft:icon": {
        "texture": "animal_fat"
      },
      "minecraft:use_duration": 1.6,
      "minecraft:use_animation": "eat",
      "minecraft:food": {
        "nutrition": 1,
        "saturation_modifier": 0,
        "on_consume": {
          "event": "event:player_ate_me",
          "target": "self"
        }
      }
    },
    "events": {
      "event:player_ate_me": {
        "add_mob_effect": {
          "target": "holder",
          "effect": "hunger",
          "amplifier": 1,
          "duration": 5
        }
      }
    }
  }
}