{
  "format_version": "1.20.0",
  "minecraft:item": {
    "description": {
      "identifier": "item:bacon_sandwich",
      "category": "Items"
    },
    "components": {
      "tag:stove_recipes": {},
      "minecraft:icon": {
        "texture": "bacon_sandwich"
      },
      "minecraft:max_stack_size": 16,
      "minecraft:use_duration": 1.6,
      "minecraft:use_animation": "eat",
      "minecraft:food": {
        "nutrition": 6,
        "saturation_modifier": 3
      }
    },
    "events": {}
  }
}
