{
  "format_version": "1.20.0",
  "minecraft:item": {
    "description": {
      "identifier": "item:chicken_and_dumplings",
      "category": "items"
    },
    "components": {
      "tag:stove_recipes": {},
      "minecraft:icon": {
        "texture": "chicken_and_dumplings"
      },
      "minecraft:max_stack_size": 1,
      "minecraft:use_duration": 1.6,
      "minecraft:use_animation": "eat",
      "minecraft:food": {
        "nutrition": 9,
        "saturation_modifier": 4,
        "using_converts_to": "bowl"
      }
    },
    "events": {
      "event:player_ate_me": {
        "add_mob_effect": {
          "target": "holder",
          "effect": "regeneration",
          "amplifier": 2,
          "duration": 12
        }
      }
    }
  }
}
