{
  "format_version": "1.20.0",
  "minecraft:item": {
    "description": {
      "identifier": "item:egg_cooked",
      "category": "items"
    },
    "components": {
      "tag:stove_recipes": {},
      "minecraft:icon": {
        "texture": "egg_cooked"
      },
      "minecraft:max_stack_size": 16,
      "minecraft:use_duration": 1.6,
      "minecraft:use_animation": "eat",
      "minecraft:food": {
        "nutrition": 4,
        "saturation_modifier": 1
      }
    },
    "events": {}
  }
}
