{
  "format_version": "1.20.0",
  "minecraft:item": {
    "description": {
      "identifier": "item:hamburger",
      "category": "items"
    },
    "components": {
      "tag:stove_recipes": {},
      "minecraft:icon": {
        "texture": "hamburger"
      },
      "minecraft:max_stack_size": 16,
      "minecraft:use_duration": 1.6,
      "minecraft:use_animation": "eat",
      "minecraft:food": {
        "nutrition": 6,
        "saturation_modifier": 3
      }
    },
    "events": {
      "event:player_ate_me": {
        "add_mob_effect": {
          "target": "holder",
          "effect": "regeneration",
          "amplifier": 1,
          "duration": 4
        }
      }
    }
  }
}
