{
  "format_version": "1.20.0",
  "minecraft:item": {
    "description": {
      "identifier": "item:pumpkin_slice",
      "category": "items"
    },
    "components": {
      "tag:stove_recipes": {},
      "minecraft:icon": {
        "texture": "pumpkin_slice"
      },
      "minecraft:max_stack_size": 16,
      "minecraft:use_duration": 1.6,
      "minecraft:use_animation": "eat",
      "minecraft:food": {
        "nutrition": 2,
        "saturation_modifier": 0
      }
    },
    "events": {}
  }
}
