{
  "format_version": "1.20.0",
  "minecraft:item": {
    "description": {
      "identifier": "item:scrambled_eggs",
      "category": "items"
    },
    "components": {
      "tag:stove_recipes": {},
      "minecraft:icon": {
        "texture": "scrambled_eggs"
      },
      "minecraft:max_stack_size": 1,
      "minecraft:use_duration": 1.6,
      "minecraft:use_animation": "eat",
      "minecraft:food": {
        "nutrition": 6,
        "saturation_modifier": 2,
        "using_converts_to": "bowl"
      }
    },
    "events": {}
  }
}