{
  "format_version": "1.20.0",
  "minecraft:item": {
    "description": {
      "identifier": "item:vegetable_stew",
      "category": "items"
    },
    "components": {
      "tag:stove_recipes": {},
      "minecraft:icon": {
        "texture": "vegetable_stew"
      },
      "minecraft:max_stack_size": 1,
      "minecraft:use_duration": 1.6,
      "minecraft:use_animation": "eat",
      "minecraft:food": {
        "nutrition": 6,
        "saturation_modifier": 3,
        "using_converts_to": "bowl"
      }
    },
    "events": {
      "event:player_ate_me": {
        "add_mob_effect": {
          "target": "holder",
          "effect": "jump_boost",
          "amplifier": 1,
          "duration": 6
        }
      }
    }
  }
}
