{
  "format_version": "1.13.0",
  "minecraft:feature_rules": {
    "description": {
      "identifier": "rule:wild_cabbage_feature_rule",
      "places_feature": "feature:scatter_wild_cabbage_feature"
    },
    "conditions": {
      "placement_pass": "surface_pass",
      "minecraft:biome_filter": {
        "any_of": [
          {
            "test": "has_biome_tag",
            "operator": "==",
            "value": "taiga"
          },
          {
            "test": "has_biome_tag",
            "operator": "==",
            "value": "plains"
          },
          {
            "test": "has_biome_tag",
            "operator": "==",
            "value": "beach"
          },
          {
            "test": "has_biome_tag",
            "operator": "==",
            "value": "cold_taiga"
          },
          {
            "test": "has_biome_tag",
            "operator": "==",
            "value": "mega_taiga"
          }
        ]
      }
    },
    "distribution": {
      "iterations": "(query.noise((variable.originx + 4) / 50.0, (variable.originz + 4) / 50.0) < -0.2) ? 2 : 4",
      "scatter_chance": "variable.is_legacy ? 0.0 : 50.0",
      "x": {
        "distribution": "uniform",
        "extent": [0, 16]
      },
      "y": {
        "distribution": "uniform",
        "extent": [0, "query.heightmap(variable.worldx, variable.worldz) * 2"]
      },
      "z": {
        "distribution": "uniform",
        "extent": [0, 16]
      }
    }
  }
}
