{
	"format_version": "1.20.0",
	"minecraft:entity": {
		"description": {
			"identifier": "entity:backpack_inventory_green",
			"is_spawnable": false,
			"is_summonable": true,
			"is_experimental": false
		},
		"component_groups": {
			"component_group:grounded": {
				"minecraft:collision_box": {
					"width": 1,
					"height": 0.4
				}
			},
			"component_group:ungrounded": {
				"minecraft:collision_box": {
					"width": 1,
					"height": 1
				}
			}
		},
		"components": {
			"minecraft:type_family": {
				"family": [
					"backpack"
				]
			},
			"minecraft:inventory": {
				"container_type": "minecart_chest",
				"inventory_size": 18,
				"can_be_siphoned_from": true
			},
			"minecraft:nameable": {
				"allow_name_tag_renaming": false
			},
			"minecraft:collision_box": {
				"width": 1,
				"height": 1
			},
			"minecraft:environment_sensor": {
				"triggers": [
					{
						"filters": {
							"all_of": [
								{
									"test": "has_tag",
									"subject": "self",
									"operator": "==",
									"value": "grounded"
								}
							]
						},
						"event": "event:grounded"
					},
					{
						"filters": {
							"all_of": [
								{
									"test": "has_tag",
									"subject": "self",
									"operator": "!=",
									"value": "grounded"
								}
							]
						},
						"event": "event:ungrounded"
					}
				]
			},
			"minecraft:despawn": {
				"filters": {
					"all_of": [
						{
							"test": "has_tag",
							"subject": "self",
							"operator": "equals",
							"value": "despawn"
						}
					]
				}
			},
			"minecraft:damage_sensor": {
				"triggers": {
					"cause": "player",
					"deals_damage": false
				}
			},
			"minecraft:health": {
				"value": 1,
				"max": 1,
				"min": 1
			}
		},
		"events": {
			"event:grounded": {
				"add": {
					"component_groups": [
						"component_group:grounded"
					]
				}
			},
			"event:ungrounded": {
				"add": {
					"component_groups": [
						"component_group:ungrounded"
					]
				}
			}
		}
	}
}